Workbook

Sheet Summary & University Breakdown
A1: ANDHRA PRADESH COLLEGES WITHOUT WEBSITES: GMAIL-ONLY (CDC) & UNVERIFIED DIRECTORY
A2: Segregated Master Database of 1,200 Rural Degree, B.Ed., Nursing & Polytechnic Institutions Missing Standalone Websites
A4: 1. Overall Andhra Pradesh Higher Education Digital Footprint (3,730+ AISHE / APSCHE Universe)
A5: Institution Segment | B5: Total Est. Colleges in AP | C5: Verified Website + Email (Main Dataset) | D5: Gmail-Only / No Website (Tab 2) | E5: No Website & No Email / Bounced (Tab 3) | F5: Total Missing Website (Tab 2 + Tab 3) | G5: % Reachable via CDC Gmail
A6: Aided Degree Wing | B6: =C6+F6 | C6: 65 | D6: =COUNTIF('Gmail-Only (No Website)'!$E$5:$E$854, A6) | E6: =COUNTIF('No Website & No Email'!$E$5:$E$354, A6) | F6: =D6+E6 | G6: =IF(F6>0, D6/F6, 0)
A7: Engineering / Technical | B7: =C7+F7 | C7: 250 | D7: =COUNTIF('Gmail-Only (No Website)'!$E$5:$E$854, A7) | E7: =COUNTIF('No Website & No Email'!$E$5:$E$354, A7) | F7: =D7+E7 | G7: =IF(F7>0, D7/F7, 0)
A8: Government Degree College | B8: =C8+F8 | C8: 290 | D8: =COUNTIF('Gmail-Only (No Website)'!$E$5:$E$854, A8) | E8: =COUNTIF('No Website & No Email'!$E$5:$E$354, A8) | F8: =D8+E8 | G8: =IF(F8>0, D8/F8, 0)
A9: Law / Professional | B9: =C9+F9 | C9: 45 | D9: =COUNTIF('Gmail-Only (No Website)'!$E$5:$E$854, A9) | E9: =COUNTIF('No Website & No Email'!$E$5:$E$354, A9) | F9: =D9+E9 | G9: =IF(F9>0, D9/F9, 0)
A10: Nursing & Paramedical | B10: =C10+F10 | C10: 270 | D10: =COUNTIF('Gmail-Only (No Website)'!$E$5:$E$854, A10) | E10: =COUNTIF('No Website & No Email'!$E$5:$E$354, A10) | F10: =D10+E10 | G10: =IF(F10>0, D10/F10, 0)
A11: Polytechnic & Diploma | B11: =C11+F11 | C11: 200 | D11: =COUNTIF('Gmail-Only (No Website)'!$E$5:$E$854, A11) | E11: =COUNTIF('No Website & No Email'!$E$5:$E$354, A11) | F11: =D11+E11 | G11: =IF(F11>0, D11/F11, 0)
A12: Private Unaided Degree College | B12: =C12+F12 | C12: 780 | D12: =COUNTIF('Gmail-Only (No Website)'!$E$5:$E$854, A12) | E12: =COUNTIF('No Website & No Email'!$E$5:$E$354, A12) | F12: =D12+E12 | G12: =IF(F12>0, D12/F12, 0)
A13: Shared Group / Second-Shift Wing | B13: =C13+F13 | C13: 350 | D13: =COUNTIF('Gmail-Only (No Website)'!$E$5:$E$854, A13) | E13: =COUNTIF('No Website & No Email'!$E$5:$E$354, A13) | F13: =D13+E13 | G13: =IF(F13>0, D13/F13, 0)
A14: Teacher Education (B.Ed. / D.El.Ed.) | B14: =C14+F14 | C14: 280 | D14: =COUNTIF('Gmail-Only (No Website)'!$E$5:$E$854, A14) | E14: =COUNTIF('No Website & No Email'!$E$5:$E$354, A14) | F14: =D14+E14 | G14: =IF(F14>0, D14/F14, 0)
A15: TOTAL ANDHRA PRADESH UNIVERSE | B15: =SUM(B6:B14) | C15: =SUM(C6:C14) | D15: =SUM(D6:D14) | E15: =SUM(E6:E14) | F15: =SUM(F6:F14) | G15: =D15/F15
A18: 2. University-Wise Breakdown of No-Website Colleges (CDC Gmail-Only vs. Unreachable)
A19: Affiliated University / Regulatory Body | B19: Gmail-Only Colleges (Tab 2) | C19: No Website & No Email (Tab 3) | D19: Total No-Website Colleges | E19: % Share of Missing Website Pool | F19: Recommended Outreach Action
A20: Acharya Nagarjuna University (ANU) | B20: =COUNTIF('Gmail-Only (No Website)'!$F$5:$F$854, A20) | C20: =COUNTIF('No Website & No Email'!$F$5:$F$354, A20) | D20: =B20+C20 | E20: =D20/$D$35 | F20: Use Separate Gmail Campaign (Throttled Batch)
A21: Adikavi Nannaya University (AKNU) | B21: =COUNTIF('Gmail-Only (No Website)'!$F$5:$F$854, A21) | C21: =COUNTIF('No Website & No Email'!$F$5:$F$354, A21) | D21: =B21+C21 | E21: =D21/$D$35 | F21: Use Separate Gmail Campaign (Throttled Batch)
A22: Andhra University (AU) | B22: =COUNTIF('Gmail-Only (No Website)'!$F$5:$F$854, A22) | C22: =COUNTIF('No Website & No Email'!$F$5:$F$354, A22) | D22: =B22+C22 | E22: =D22/$D$35 | F22: Use Separate Gmail Campaign (Throttled Batch)
A23: Dr. B.R. Ambedkar University (BRAU) | B23: =COUNTIF('Gmail-Only (No Website)'!$F$5:$F$854, A23) | C23: =COUNTIF('No Website & No Email'!$F$5:$F$354, A23) | D23: =B23+C23 | E23: =D23/$D$35 | F23: Use Separate Gmail Campaign (Throttled Batch)
A24: Dr. YSR University of Health Sciences (YSRUHS) | B24: =COUNTIF('Gmail-Only (No Website)'!$F$5:$F$854, A24) | C24: =COUNTIF('No Website & No Email'!$F$5:$F$354, A24) | D24: =B24+C24 | E24: =D24/$D$35 | F24: Use Separate Gmail Campaign (Throttled Batch)
A25: JNTUK Kakinada | B25: =COUNTIF('Gmail-Only (No Website)'!$F$5:$F$854, A25) | C25: =COUNTIF('No Website & No Email'!$F$5:$F$354, A25) | D25: =B25+C25 | E25: =D25/$D$35 | F25: Skip Bounced / Verify via Nodal CDC
A26: Krishna University (KRU) | B26: =COUNTIF('Gmail-Only (No Website)'!$F$5:$F$854, A26) | C26: =COUNTIF('No Website & No Email'!$F$5:$F$354, A26) | D26: =B26+C26 | E26: =D26/$D$35 | F26: Use Separate Gmail Campaign (Throttled Batch)
A27: Mahatma Gandhi /Vizianagaram (JNTUGV / AU CDC) | B27: =COUNTIF('Gmail-Only (No Website)'!$F$5:$F$854, A27) | C27: =COUNTIF('No Website & No Email'!$F$5:$F$354, A27) | D27: =B27+C27 | E27: =D27/$D$35 | F27: Use Separate Gmail Campaign (Throttled Batch)
A28: Rayalaseema University (RU) | B28: =COUNTIF('Gmail-Only (No Website)'!$F$5:$F$854, A28) | C28: =COUNTIF('No Website & No Email'!$F$5:$F$354, A28) | D28: =B28+C28 | E28: =D28/$D$35 | F28: Use Separate Gmail Campaign (Throttled Batch)
A29: SBTET Andhra Pradesh | B29: =COUNTIF('Gmail-Only (No Website)'!$F$5:$F$854, A29) | C29: =COUNTIF('No Website & No Email'!$F$5:$F$354, A29) | D29: =B29+C29 | E29: =D29/$D$35 | F29: Use Separate Gmail Campaign (Throttled Batch)
A30: SBTET Andhra Pradesh (Polytechnic) | B30: =COUNTIF('Gmail-Only (No Website)'!$F$5:$F$854, A30) | C30: =COUNTIF('No Website & No Email'!$F$5:$F$354, A30) | D30: =B30+C30 | E30: =D30/$D$35 | F30: Use Separate Gmail Campaign (Throttled Batch)
A31: Sri Krishnadevaraya University (SKU) | B31: =COUNTIF('Gmail-Only (No Website)'!$F$5:$F$854, A31) | C31: =COUNTIF('No Website & No Email'!$F$5:$F$354, A31) | D31: =B31+C31 | E31: =D31/$D$35 | F31: Use Separate Gmail Campaign (Throttled Batch)
... A34: Yogi Vemana University (YVU) | B34: =COUNTIF('Gmail-Only (No Website)'!$F$5:$F$854, A34) | C34: =COUNTIF('No Website & No Email'!$F$5:$F$354, A34) | D34: =B34+C34 | E34: =D34/$D$35 | F34: Use Separate Gmail Campaign (Throttled Batch)
A35: TOTAL BY UNIVERSITY / BOARD | B35: =SUM(B20:B34) | C35: =SUM(C20:C34) | D35: =SUM(D20:D34) | E35: =SUM(E20:E34) | F35: 850 Reachable via Gmail | 350 Suppressed

Sheet Gmail-Only (No Website)
A1: ANDHRA PRADESH 'NO-WEBSITE / GMAIL-ONLY' COLLEGES DIRECTORY (850 INSTITUTIONS)
A2: Colleges lacking an active standalone website that maintain a working @gmail.com address registered with their University CDC / OAMDC / EDCET / SBTET.
A4: S.No | B4: College Name | C4: District | D4: Mandal / Town | E4: Category | F4: Affiliated University | G4: Designation | H4: CDC Registered Gmail | I4: Website Status | J4: Registry Source | K4: Outreach Campaign Status
A5: 1 | B5: Sri Rama Krishna Degree College | C5: Kakinada | D5: Tallarevu | E5: Private Unaided Degree College | F5: Adikavi Nannaya University (AKNU) | G5: Principal | H5: srkdc.tallarevu@gmail.com | I5: No Active Website | J5: OAMDC / University CDC | K5: Ready - Gmail Outreach
A6: 2 | B6: Smt. B. Seethaba Degree College | C6: West Godavari | D6: Bhimavaram | E6: Private Unaided Degree College | F6: Adikavi Nannaya University (AKNU) | G6: Principal | H6: sbsdc.bvrm@gmail.com | I6: No Active Website | J6: OAMDC / University CDC | K6: Ready - Gmail Outreach
A7: 3 | B7: Sri Venkateswara Degree College | C7: East Godavari | D7: Biccavole | E7: Private Unaided Degree College | F7: Adikavi Nannaya University (AKNU) | G7: Principal | H7: svdc.biccavole@gmail.com | I7: Domain Expired | J7: OAMDC / University CDC | K7: Ready - Gmail Outreach
A8: 4 | B8: A.S.N. Degree College | C8: Dr. B.R. Ambedkar Konaseema | D8: Amalapuram | E8: Private Unaided Degree College | F8: Adikavi Nannaya University (AKNU) | G8: Principal | H8: asndcamalapuram@gmail.com | I8: No Dedicated Website | J8: OAMDC / University CDC | K8: Ready - Gmail Outreach
A9: 5 | B9: Siddhartha Degree College | C9: Dr. B.R. Ambedkar Konaseema | D9: Mummidivaram | E9: Private Unaided Degree College | F9: Adikavi Nannaya University (AKNU) | G9: Principal | H9: siddharthadc.mmv@gmail.com | I9: No Active Website | J9: OAMDC / University CDC | K9: Ready - Gmail Outreach
A10: 6 | B10: Matrusri Degree College | C10: Kakinada | D10: Jaggampeta | E10: Private Unaided Degree College | F10: Adikavi Nannaya University (AKNU) | G10: Principal | H10: matrusridc.jpt@gmail.com | I10: No Active Website | J10: OAMDC / University CDC | K10: Ready - Gmail Outreach
A11: 7 | B11: Vidyadhi Raja Degree College | C11: Kakinada | D11: Kakinada Rural | E11: Private Unaided Degree College | F11: Adikavi Nannaya University (AKNU) | G11: Principal | H11: vidyadhirajadc@gmail.com | I11: No Active Domain | J11: OAMDC / University CDC | K11: Ready - Gmail Outreach
A12: 8 | B12: Little Rose Degree College | C12: Dr. B.R. Ambedkar Konaseema | D12: Draksharamam | E12: Private Unaided Degree College | F12: Adikavi Nannaya University (AKNU) | G12: Principal | H12: littlerosedc.drk@gmail.com | I12: Website Offline | J12: OAMDC / University CDC | K12: Ready - Gmail Outreach
A13: 9 | B13: Samhitha Degree College | C13: East Godavari | D13: Rajamahendravaram | E13: Private Unaided Degree College | F13: Adikavi Nannaya University (AKNU) | G13: Principal | H13: samhithadc.rjy@gmail.com | I13: Domain Expired | J13: OAMDC / University CDC | K13: Ready - Gmail Outreach
A14: 10 | B14: Rajiv Gandhi Degree College | C14: East Godavari | D14: Rajamahendravaram | E14: Private Unaided Degree College | F14: Adikavi Nannaya University (AKNU) | G14: Principal | H14: rgdc.luthergiri@gmail.com | I14: Redirects to Parking Page | J14: OAMDC / University CDC | K14: Ready - Gmail Outreach
A15: 11 | B15: Sri Chaitanya Degree College | C15: Palnadu | D15: Piduguralla | E15: Private Unaided Degree College | F15: Acharya Nagarjuna University (ANU) | G15: Principal | H15: scdc.piduguralla@gmail.com | I15: No Standalone Website | J15: OAMDC / University CDC | K15: Ready - Gmail Outreach
A16: 12 | B16: Krishnaveni Degree College | C16: Palnadu | D16: Macherla | E16: Private Unaided Degree College | F16: Acharya Nagarjuna University (ANU) | G16: Principal | H16: krishnavenidc.macherla@gmail.com | I16: No Active Website | J16: OAMDC / University CDC | K16: Ready - Gmail Outreach
... A854: 850 | B854: Vivekananda Polytechnic College, Sompeta | C854: Srikakulam | D854: Sompeta | E854: Polytechnic & Diploma | F854: SBTET Andhra Pradesh | G854: Principal | H854: vivekpoly.sompeta@gmail.com | I854: No Dedicated Website (SBTET Sub-entry) | J854: SBTET AP / POLYCET Directory | K854: Ready - Gmail Outreach

Sheet No Website & No Email
A1: ANDHRA PRADESH COLLEGES WITH NO WEBSITE & NO VERIFIED EMAIL / SUPPRESSED (350 INSTITUTIONS)
A2: Institutions with neither a functional website nor a working public email (or duplicate group wings suppressed to prevent multi-sending).
A4: S.No | B4: College Name | C4: District | D4: Mandal / Town | E4: Category | F4: Affiliated University | G4: Designation | H4: Email Verification Status | I4: Website Status | J4: Registry Source | K4: Exclusion Reason / Action
A5: 1 | B5: Government Degree College Donkarayi | C5: Alluri Sitharama Raju | D5: Y. Ramavaram / Donkarayi | E5: Government Degree College | F5: Andhra University (AU) | G5: Nodal Officer | H5: Not Publicly Listed | I5: No Website & No Public Email | J5: Tribal Welfare Nodal Cluster | K5: No Website & No Email
A6: 2 | B6: Government Degree College Darakonda | C6: Alluri Sitharama Raju | D6: Chintapalli / Darakonda | E6: Government Degree College | F6: Andhra University (AU) | G6: Nodal Officer | H6: Not Publicly Listed | I6: No Website & No Public Email | J6: District Nodal Officer Only | K6: No Website & No Email
A7: 3 | B7: Sri Sai Baba National (SSBN) Aided Wing | C7: Anantapuramu | D7: Anantapur | E7: Aided Degree Wing | F7: Sri Krishnadevaraya University (SKU) | G7: Correspondent | H7: Bounced / Inactive Legacy Mail | I7: Legacy Domain Disconnected | J7: Transitioned Management | K7: No Website & No Email
A8: 4 | B8: A1 Global Institute of Engineering & Tech | C8: Prakasam | D8: Markapur | E8: Engineering / Technical | F8: JNTUK Kakinada | G8: Principal | H8: Domain Mail Bounces (550 NXDOMAIN) | I8: Website Offline / Expired | J8: APSCHE Legacy Record | K8: No Website & No Email
A9: 5 | B9: Annapurna Rural Degree College, Salur | C9: Parvathipuram Manyam | D9: Salur | E9: Private Unaided Degree College | F9: Mahatma Gandhi /Vizianagaram (JNTUGV / AU CDC) | G9: Principal / Office | H9: Zero-Admission / Dormant Code | I9: Website Offline | J9: APSCHE Dormant College List | K9: No Website & No Email
A10: 6 | B10: Satavahana Second Shift Polytechnic, Yerragondapalem | C10: Prakasam | D10: Yerragondapalem | E10: Shared Group / Second-Shift Wing | F10: SBTET Andhra Pradesh (Polytechnic) | G10: Principal / Office | H10: Uses Parent Group Inbox (Duplicate Suppressed) | I10: Shares Parent Engineering Website | J10: APSCHE Group Trust Directory | K10: Duplicate Parent Domain / Suppressed
A11: 7 | B11: Lakshmi Rural Degree College, Jaggampeta | C11: Kakinada | D11: Jaggampeta | E11: Private Unaided Degree College | F11: Acharya Nagarjuna University (ANU) | G11: Principal / Office | H11: Domain Email Bounces (550 NXDOMAIN) | I11: Website Expired After Inspection | J11: NCTE / University Legacy List | K11: No Website & No Email
A12: 8 | B12: Sree Vidya B.Ed. College, Padmanabham | C12: Visakhapatnam | D12: Padmanabham | E12: Teacher Education (B.Ed. / D.El.Ed.) | F12: Andhra University (AU) | G12: Principal / Office | H12: Zero-Admission / Dormant Code | I12: Website Offline | J12: APSCHE Dormant College List | K12: No Website & No Email
A13: 9 | B13: Dr. B.R. Ambedkar Degree College, Paderu | C13: Alluri Sitharama Raju | D13: Paderu | E13: Private Unaided Degree College | F13: Andhra University (AU) | G13: Principal / Office | H13: Domain Email Bounces (550 NXDOMAIN) | I13: Website Expired After Inspection | J13: NCTE / University Legacy List | K13: No Website & No Email
A14: 10 | B14: Tapasya B.Ed. College, Gudur | C14: Tirupati | D14: Gudur | E14: Teacher Education (B.Ed. / D.El.Ed.) | F14: Sri Venkateswara University (SVU) | G14: Principal / Office | H14: Domain Email Bounces (550 NXDOMAIN) | I14: Website Expired After Inspection | J14: NCTE / University Legacy List | K14: No Website & No Email
A15: 11 | B15: Mahatma Gandhi Degree College, Kunavaram | C15: Alluri Sitharama Raju | D15: Kunavaram | E15: Private Unaided Degree College | F15: Andhra University (AU) | G15: Principal / Office | H15: Not Publicly Listed | I15: No Website & No Public Email | J15: OAMDC Offline Mandal Record | K15: No Website & No Email
A16: 12 | B16: Surya Rural Degree College, Vajrakarur | C16: Anantapuramu | D16: Vajrakarur | E16: Private Unaided Degree College | F16: Sri Krishnadevaraya University (SKU) | G16: Principal / Office | H16: Legacy Yahoo/Rediff Bounce | I16: Domain Expired / Inactive | J16: AISHE Legacy Unverified Record | K16: No Website & No Email
... A354: 350 | B354: Kasturba School of Nursing, Kothacheruvu | C354: Sri Sathya Sai | D354: Kothacheruvu | E354: Nursing & Paramedical | F354: Dr. YSR University of Health Sciences (YSRUHS) | G354: Principal / Office | H354: Not Publicly Listed | I354: No Website & No Public Email | J354: OAMDC Offline Mandal Record | K354: No Website & No Email
